piece,size_mm,display,closed,triangles,waist_mm,tip_radius_mm,volume_cm3,zero_pole_gap_mm,pole_pole_gap_mm
cube-octahedron-dual,80,"baseline settings (logarithmic, k = 6.0)",True,89995,20.4,40.34,78.1,24.9,32.1
cube-octahedron-dual,130,"baseline settings (logarithmic, k = 6.0)",True,89995,33.1,65.55,335.0,40.5,52.2
dodecahedron-icosahedron-dual,80,"baseline settings (logarithmic, k = 6.0)",True,159995,18.5,40.99,74.3,16.7,18.6
dodecahedron-icosahedron-dual,130,"baseline settings (logarithmic, k = 6.0)",True,159995,30.0,66.61,318.8,27.1,30.3
icosidodecahedral-star,80,"baseline settings (logarithmic, k = 4.0)",True,159995,18.7,41.09,81.7,9.7,16.7
icosidodecahedral-star,130,"baseline settings (logarithmic, k = 4.0)",True,159995,30.4,66.77,350.4,15.8,27.2
icosahedral-crown,80,"baseline settings (logarithmic, k = 6.0)",True,159995,26.4,40.36,63.9,13.5,27.1
icosahedral-crown,130,"baseline settings (logarithmic, k = 6.0)",True,159995,42.9,65.58,274.3,22.0,44.0
tetrahedral-dual,80,"baseline settings (log_mixture, k = 2.0)",True,62495,22.8,48.93,133.1,37.1,57.6
tetrahedral-dual,130,"baseline settings (log_mixture, k = 2.0)",True,62495,37.0,79.51,571.0,60.3,93.6
octahedral-crown,80,"baseline settings (logarithmic, k = 4.0)",True,89995,33.0,40.55,77.5,20.6,41.3
octahedral-crown,130,"baseline settings (logarithmic, k = 4.0)",True,89995,53.6,65.9,332.5,33.5,67.1
r2-deltoidal-icositetrahedron,80,order-tuned (k = 6),True,159995,18.2,40.7,70.2,10.7,18.4
r2-deltoidal-icositetrahedron,130,order-tuned (k = 6),True,159995,29.5,66.14,301.0,17.4,29.8
r4ve-rhombicuboctahedron,80,order-tuned (k = 4),True,159995,26.2,41.35,109.3,10.8,11.3
r4ve-rhombicuboctahedron,130,order-tuned (k = 4),True,159995,42.6,67.19,468.9,17.5,18.4
r2-triakis-tetrahedron,80,order-tuned (k = 4),True,89995,26.7,41.95,116.0,15.5,26.4
r2-triakis-tetrahedron,130,order-tuned (k = 4),True,89995,43.4,68.17,497.9,25.1,43.0
r2-irregular-mixed,80,order-tuned (k = 6),True,89995,18.4,41.52,76.6,16.0,1.5
r2-irregular-mixed,130,order-tuned (k = 6),True,89995,29.8,67.46,328.7,26.0,2.4
r2-irregular-separated,80,order-tuned (k = 6),True,89995,18.7,41.0,77.9,15.9,11.0
r2-irregular-separated,130,order-tuned (k = 6),True,89995,30.4,66.62,334.1,25.9,17.9
