piece,rank,normal,halves,size_mm,support_pct,clearance_deg,clearance_mm,split_features,cut_area_cm2,approved_in_catalog
cube-octahedron-dual,1,0 0.7071 -0.7071,identical,80,0.48,45.0,20.7,6,24.7,False
cube-octahedron-dual,2,0.5774 0.5774 0.5774,identical,80,0.17,19.5,9.0,0,23.9,False
cube-octahedron-dual,3,1 0 0,identical,80,0.98,35.3,16.3,4,17.2,False
dodecahedron-icosahedron-dual,1,0.9511 -0.309 0,identical,130,1.48,20.9,16.0,8,59.3,False
dodecahedron-icosahedron-dual,2,0.9822 0 -0.1876,identical,130,1.42,10.8,8.3,0,54.6,False
dodecahedron-icosahedron-dual,3,-0.2764 0.8507 -0.4472,identical,130,1.13,10.8,8.3,0,69.4,False
icosidodecahedral-star,1,0.7947 0.5774 0.1876,identical,130,0.76,19.5,15.2,6,73.5,False
icosidodecahedral-star,2,0 0 1,identical,130,1.31,10.8,8.5,10,72.6,False
icosidodecahedral-star,3,0.6882 0.5 0.5257,identical,130,2.39,18.0,14.1,8,63.0,False
icosahedral-crown,1,-0.2764 0.8507 -0.4472,identical,130,1.16,26.6,18.8,10,40.3,False
icosahedral-crown,2,0 1 0,identical,130,0.56,18.0,12.8,8,58.5,False
icosahedral-crown,3,0.9822 0 -0.1876,identical,130,2.26,10.8,7.7,6,52.6,False
tetrahedral-dual,1,0 0.7071 0.7071,identical,80,0.19,54.7,28.7,4,31.3,False
tetrahedral-dual,2,0 1 0,identical,80,0.19,35.3,18.5,0,28.4,False
tetrahedral-dual,3,0.5774 0.5774 0.5774,different,80,0.31,19.5,10.2,0,29.6,False
octahedral-crown,1,0 1 0,identical,80,0.21,45.0,20.9,8,25.4,False
octahedral-crown,2,0.5774 0.5774 0.5774,identical,80,0.44,35.3,16.4,6,19.2,False
octahedral-crown,3,0.7071 -0.7071 0,identical,80,0.15,30.0,13.9,4,23.2,False
r2-deltoidal-icositetrahedron,1,0.7071 0.7071 0,identical,130,2.05,20.9,15.2,12,51.8,False
r2-deltoidal-icositetrahedron,2,1 0 0,identical,130,2.4,20.9,15.2,8,41.6,False
r2-deltoidal-icositetrahedron,3,-0.5774 -0.5774 0.5774,identical,130,2.61,4.9,3.6,6,51.5,False
r4ve-rhombicuboctahedron,1,0 1 0,identical,130,0.46,20.9,18.1,8,85.4,False
r4ve-rhombicuboctahedron,2,0.7071 0.7071 0,identical,130,1.32,11.0,9.5,8,77.7,False
r4ve-rhombicuboctahedron,3,0.5774 -0.5774 0.5774,identical,130,1.71,4.9,4.2,0,73.6,False
r2-triakis-tetrahedron,1,0.7071 -0.7071 0,identical,80,0.46,25.2,13.6,6,28.6,False
r2-triakis-tetrahedron,2,0 1 0,identical,80,0.08,17.5,9.5,0,32.1,False
r2-triakis-tetrahedron,3,0.5774 0.5774 0.5774,different,80,0.34,10.0,5.4,0,29.7,False
r2-irregular-mixed,1,-0.1621 0.9102 0.3812,different,130,0.4,13.7,9.8,0,50.3,False
r2-irregular-mixed,2,-0.037 0.0528 0.9979,different,130,0.01,13.5,9.7,0,65.4,False
r2-irregular-mixed,3,-0.3616 0.8731 0.3271,different,130,0.39,13.0,9.4,0,50.6,False
r2-irregular-separated,1,-0.0011 0.9312 -0.3646,different,130,0.3,16.5,12.0,0,56.2,False
r2-irregular-separated,2,-0.0219 0.9517 -0.3062,different,130,0.37,16.1,11.7,0,56.5,False
r2-irregular-separated,3,0.1016 0.9136 -0.3938,different,130,0.24,12.4,9.1,0,56.2,False
