family,parameter,R1_rms_per_step,R1_rms_vs_reference,R2_rms_per_step,R2_rms_vs_reference,R4ve_rms_per_step,R4ve_rms_vs_reference,corr_R1_R2,corr_R2_polar_centroid,corr_R4ve_foot_midpoint,edges_foot_outside,edges_foot_worst_t,faces_centroid_outside,faces_polar_min_margin,faces_polar_outside,n_edges,n_faces
hexagonal_pyramid,0.15,,9.02384,,3.86736,,2.52493,0.959651,-0.595481,-0.759378,0,0.064588,0,0.2547,0,12,7
hexagonal_pyramid,0.25,17.2373,7.64451,7.38743,3.27622,4.56625,2.16269,0.950851,-0.540789,-0.608903,0,0.118644,0,0.290659,0,12,7
hexagonal_pyramid,0.4,15.0386,5.70495,6.44513,2.44498,4.07852,1.64374,0.934002,-0.414152,-0.274301,0,0.205607,0,0.334101,0,12,7
hexagonal_pyramid,0.6,12.3056,3.46328,5.27381,1.48426,3.46146,1.01451,0.905495,-0.151801,0.31502,0,0.318182,0,0.376322,0,12,7
hexagonal_pyramid,0.8,9.85223,1.57958,4.22238,0.676962,2.85826,0.470569,0.870852,0.209368,0.819983,0,0.417178,0,0.405683,0,12,7
hexagonal_pyramid,1,7.89789,0,3.38481,0,2.35284,0,0.833321,0.59586,1,0,0.5,0,0.426401,0,12,7
hexagonal_pyramid,1.3,6.04986,1.81496,2.5928,0.777839,1.84206,0.552617,0.776267,0.965086,0.780966,0,0.597001,0,0.447232,0,12,7
hexagonal_pyramid,1.7,4.33891,3.46477,1.85953,1.4849,1.35142,1.06293,0.710216,0.890627,0.366285,0,0.688122,0,0.463989,0,12,7
hexagonal_pyramid,2.2,3.00731,4.83652,1.28885,2.07279,0.947884,1.49486,0.648263,0.540725,0.00421824,0,0.762774,0,0.475893,0,12,7
hexagonal_pyramid,3,1.91815,6.19844,0.822062,2.65648,0.614868,1.92957,0.591746,0.138633,-0.304093,0,0.833333,0,0.485643,0,12,7
hexagonal_pyramid,4,1.16691,7.20516,0.500106,3.08792,0.378427,2.25264,0.564621,-0.120401,-0.485645,0,0.881356,0,0.491354,0,12,7
sheared_box,0,,0,,0,,0,1,1,1,0,0.5,0,0.707107,0,12,6
sheared_box,0.25,10.2647,2.56617,5.13234,1.28309,3.49553,0.873883,1,0.791986,0.812656,0,0.625,0,0.6,0,12,6
sheared_box,0.5,9.56939,4.45751,4.78469,2.22875,3.36746,1.51289,1,0.467783,0.489814,0,0.75,0,0.447214,0,12,6
sheared_box,0.75,8.67504,5.86411,4.33752,2.93206,3.20551,1.93107,1,0.24209,0.217564,0,0.875,0,0.242536,0,12,6
sheared_box,0.9,8.4833,6.53973,4.24165,3.26987,3.32146,2.099,1,0.175495,0.103134,0,0.05,0,0.0995037,0,12,6
sheared_box,1,8.40285,6.93576,4.20143,3.46788,3.51492,2.1982,1,0.154419,0.0572432,0,1,0,0,0,12,6
sheared_box,1.1,8.16427,7.31764,4.08213,3.65882,3.47096,2.27838,1,0.151944,0.0359586,4,1.05,0,-0.0995037,2,12,6
sheared_box,1.25,7.68794,7.83136,3.84397,3.91568,3.15711,2.38803,1,0.167395,0.0330758,4,1.125,0,-0.242536,2,12,6
sheared_box,1.5,6.95168,8.6324,3.47584,4.3162,2.84303,2.5579,1,0.232579,0.0736208,4,1.25,0,-0.447214,2,12,6
sheared_box,2,5.66122,10.031,2.83061,5.01549,2.22252,2.97828,1,0.386909,0.253516,4,1.5,0,-0.707107,2,12,6
sheared_box,2.5,4.49277,11.2641,2.24638,5.63206,1.7693,3.49609,1,0.498979,0.465706,4,1.75,0,-0.83205,2,12,6
