family,recipe,s,unreduced_degree,reduced_degree,cube_reduced_degree,rms_residual,max_residual,min_zero_pole_distance
truncated_corner_cube,R1,0.3,70,70,24,2.09099,12.0753,0.155703
truncated_corner_cube,R1,0.1,70,70,24,2.21755,12.7393,0.0487226
truncated_corner_cube,R1,0.03,70,70,24,2.25341,14.1059,0.0142839
truncated_corner_cube,R1,0.01,70,70,24,2.26059,14.9824,0.00472977
truncated_corner_cube,R1,0.003,70,70,24,2.26547,15.0073,0.00141563
truncated_corner_cube,R1,0.001,70,70,24,2.26547,15.0072,0.000471562
truncated_corner_cube,R1,0.0001,70,70,24,2.26547,15.0072,4.7142e-05
truncated_corner_cube,R2,0.3,30,30,24,0.877629,6.11843,0.155703
truncated_corner_cube,R2,0.1,30,30,24,0.96513,7.03534,0.0487226
truncated_corner_cube,R2,0.03,30,30,24,0.991006,8.0157,0.0142839
truncated_corner_cube,R2,0.01,30,30,24,0.996343,8.53025,0.00472977
truncated_corner_cube,R2,0.003,30,30,24,0.999959,8.5443,0.00141563
truncated_corner_cube,R2,0.001,30,30,24,0.999959,8.54428,0.000471562
truncated_corner_cube,R2,0.0001,30,30,24,0.999959,8.54428,4.7142e-05
truncated_corner_cube,R4ve,0.3,30,30,24,0.192754,6.62347,0.134739
truncated_corner_cube,R4ve,0.1,30,30,24,0.0142188,0.768477,0.0421918
truncated_corner_cube,R4ve,0.03,30,30,24,0.000668275,0.032975,0.0123701
truncated_corner_cube,R4ve,0.01,30,30,24,3.71654e-05,0.00221704,0.0040961
truncated_corner_cube,R4ve,0.003,30,30,24,2.08713e-06,5.81442e-05,0.00122597
truncated_corner_cube,R4ve,0.001,30,30,24,2.1112e-07,2.09214e-06,0.000408384
truncated_corner_cube,R4ve,0.0001,30,30,24,2.08368e-09,3.96545e-09,4.08262e-05
truncated_corner_cube,R4fe,0.3,30,30,12,0.94688,6.44109,0.0783863
truncated_corner_cube,R4fe,0.1,30,30,12,0.984245,7.84165,0.0243776
truncated_corner_cube,R4fe,0.03,30,30,12,0.994242,8.47759,0.00714236
truncated_corner_cube,R4fe,0.01,30,30,12,0.999644,8.54423,0.0023649
truncated_corner_cube,R4fe,0.003,30,30,12,0.999644,8.54428,0.000707814
truncated_corner_cube,R4fe,0.001,30,30,12,0.999644,8.54428,0.000235781
truncated_corner_cube,R4fe,0.0001,30,30,12,0.999644,8.54428,2.3571e-05
truncated_corner_cube,flag,0.3,60,60,48,1.00602,12.3807,0.0783863
truncated_corner_cube,flag,0.1,60,60,48,0.96696,8.35088,0.0243776
truncated_corner_cube,flag,0.03,60,60,48,0.99281,8.08165,0.00714236
truncated_corner_cube,flag,0.01,60,60,48,0.998179,8.53469,0.0023649
truncated_corner_cube,flag,0.003,60,60,48,1.00181,8.54426,0.000707814
truncated_corner_cube,flag,0.001,60,60,48,1.00181,8.54428,0.000235781
truncated_corner_cube,flag,0.0001,60,60,48,1.00181,8.54428,2.3571e-05
bevelled_edge_cube,R1,0.3,70,70,24,3.15415,24.4561,nan
bevelled_edge_cube,R1,0.1,70,70,24,2.83364,21.883,nan
bevelled_edge_cube,R1,0.03,70,70,24,2.77245,21.0916,nan
bevelled_edge_cube,R1,0.01,70,70,24,2.75632,20.877,nan
bevelled_edge_cube,R1,0.003,70,70,24,2.75934,20.8032,nan
bevelled_edge_cube,R1,0.001,70,70,24,2.75682,20.7822,nan
bevelled_edge_cube,R1,0.0001,70,70,24,2.75878,20.7728,nan
bevelled_edge_cube,R2,0.3,30,30,24,1.11928,9.43832,nan
bevelled_edge_cube,R2,0.1,30,30,24,1.02224,8.33558,nan
bevelled_edge_cube,R2,0.03,30,30,24,1.01418,7.99639,nan
bevelled_edge_cube,R2,0.01,30,30,24,1.01281,7.90444,nan
bevelled_edge_cube,R2,0.003,30,30,24,1.01587,7.87279,nan
bevelled_edge_cube,R2,0.001,30,30,24,1.01538,7.8638,nan
bevelled_edge_cube,R2,0.0001,30,30,24,1.01641,7.85976,nan
bevelled_edge_cube,R4ve,0.3,30,30,24,0.714614,4.87866,0.134739
bevelled_edge_cube,R4ve,0.1,30,30,24,0.524949,4.29524,0.0421918
bevelled_edge_cube,R4ve,0.03,30,30,24,0.480383,4.73609,0.0123701
bevelled_edge_cube,R4ve,0.01,30,30,24,0.467438,4.79548,0.0040961
bevelled_edge_cube,R4ve,0.003,30,30,24,0.462851,4.78821,0.00122597
bevelled_edge_cube,R4ve,0.001,30,30,24,0.461353,4.78342,0.000408384
bevelled_edge_cube,R4ve,0.0001,30,30,24,0.460873,4.78088,4.08262e-05
bevelled_edge_cube,R4fe,0.3,30,30,12,0.833433,8.31799,0.17445
bevelled_edge_cube,R4fe,0.1,30,30,12,0.813821,5.18854,0.052577
bevelled_edge_cube,R4fe,0.03,30,30,12,0.821994,5.20877,0.0152271
bevelled_edge_cube,R4fe,0.01,30,30,12,0.824883,5.12792,0.00502508
bevelled_edge_cube,R4fe,0.003,30,30,12,0.825706,5.22011,0.00150225
bevelled_edge_cube,R4fe,0.001,30,30,12,0.826741,5.21875,0.00050025
bevelled_edge_cube,R4fe,0.0001,30,30,12,0.826839,5.21426,5.00025e-05
bevelled_edge_cube,flag,0.3,60,60,48,1.05893,8.26852,0.134739
bevelled_edge_cube,flag,0.1,60,60,48,0.898,4.89213,0.0421918
bevelled_edge_cube,flag,0.03,60,60,48,0.878178,3.73845,0.0123701
bevelled_edge_cube,flag,0.01,60,60,48,0.873211,3.46229,0.0040961
bevelled_edge_cube,flag,0.003,60,60,48,0.872211,3.38504,0.00122597
bevelled_edge_cube,flag,0.001,60,60,48,0.871607,3.36544,0.000408384
bevelled_edge_cube,flag,0.0001,60,60,48,0.87163,3.35701,4.08262e-05
raised_face_cube,R1,0.3,81,9,24,7.83548,30.9623,0.290426
raised_face_cube,R1,0.1,81,9,24,8.71846,42.6855,0.0996274
raised_face_cube,R1,0.03,81,9,24,8.9642,54.0512,0.0299899
raised_face_cube,R1,0.01,81,9,24,9.04771,57.5195,0.00999963
raised_face_cube,R1,0.003,81,9,24,9.07581,59.3077,0.00299999
raised_face_cube,R1,0.001,81,9,24,9.08558,59.9869,0.001
raised_face_cube,R1,0.0001,81,9,24,9.08558,59.9869,0.0001
raised_face_cube,R2,0.3,32,32,24,0.983186,9.15665,0.290426
raised_face_cube,R2,0.1,32,32,24,1.20744,7.86036,0.0996274
raised_face_cube,R2,0.03,32,32,24,1.27908,10.2089,0.0299899
raised_face_cube,R2,0.01,32,32,24,1.30042,10.9721,0.00999963
raised_face_cube,R2,0.003,32,32,24,1.30763,11.3485,0.00299999
raised_face_cube,R2,0.001,32,32,24,1.31014,11.4915,0.001
raised_face_cube,R2,0.0001,32,32,24,1.31014,11.4915,0.0001
raised_face_cube,R4ve,0.3,32,32,24,1.0964,6.12518,0.208653
raised_face_cube,R4ve,0.1,32,32,24,1.23574,8.89906,0.0705785
raised_face_cube,R4ve,0.03,32,32,24,1.28719,10.3673,0.0212096
raised_face_cube,R4ve,0.01,32,32,24,1.30489,11.0898,0.00707094
raised_face_cube,R4ve,0.003,32,32,24,1.30976,11.3485,0.00212132
raised_face_cube,R4ve,0.001,32,32,24,1.31229,11.4915,0.000707107
raised_face_cube,R4ve,0.0001,32,32,24,1.31229,11.4915,7.07107e-05
raised_face_cube,R4fe,0.3,32,32,12,0.616968,9.53481,0.204254
raised_face_cube,R4fe,0.1,32,32,12,0.0345321,1.16007,0.0704034
raised_face_cube,R4fe,0.03,32,32,12,0.00170585,0.0982565,0.0212049
raised_face_cube,R4fe,0.01,32,32,12,0.000104381,0.00140626,0.00707076
raised_face_cube,R4fe,0.003,32,32,12,9.00535e-06,2.80896e-05,0.00212131
raised_face_cube,R4fe,0.001,32,32,12,9.99999e-07,1.23568e-06,0.000707106
raised_face_cube,R4fe,0.0001,32,32,12,1e-08,1.00236e-08,7.07107e-05
raised_face_cube,flag,0.3,64,64,48,1.45879,11.4507,0.204254
raised_face_cube,flag,0.1,64,64,48,1.20241,9.41831,0.0704034
raised_face_cube,flag,0.03,64,64,48,1.2812,10.2544,0.0212049
raised_face_cube,flag,0.01,64,64,48,1.30449,10.9723,0.00707076
raised_face_cube,flag,0.003,64,64,48,1.31174,11.3485,0.00212131
raised_face_cube,flag,0.001,64,64,48,1.31426,11.4915,0.000707106
raised_face_cube,flag,0.0001,64,64,48,1.31426,11.4915,7.07107e-05
