fixture,display,pair,correlation,rms_radius_difference,sharpness_R1,sharpness_R2,tip_exponent_R1,tip_exponent_R2,radius_spread_R1,radius_spread_R2,sharpness_R4ve,tip_exponent_R4ve,radius_spread_R4ve
cube,fixed,R1~R2,1,0,4,4,1,1,0.1068,0.1068,,,
cube,fixed,R2~R4ve,0.5438,0.09019,,4,,1,,0.1068,4,0.75,0.0678
cube,order-tuned,R1~R2,1,0,8,8,0.5,0.5,0.05863,0.05863,,,
cube,order-tuned,R2~R4ve,0.5417,0.05162,,8,,0.5,,0.05863,6,0.5,0.0471
cube,degree-compressed,R1~R2,1,0,4,4,1,1,0.1068,0.1068,,,
cube,degree-compressed,R2~R4ve,0.5438,0.09019,,4,,1,,0.1068,4,0.75,0.0678
deltoidal-icositetrahedron,fixed,R1~R2,0.9497,0.1303,4,4,3.25,1,0.2338,0.1144,,,
deltoidal-icositetrahedron,fixed,R2~R4ve,0.6779,0.08433,,4,,1,,0.1144,4,1,0.08372
deltoidal-icositetrahedron,order-tuned,R1~R2,0.9908,0.008581,26,8,0.5,0.5,0.06293,0.06349,,,
deltoidal-icositetrahedron,order-tuned,R2~R4ve,0.6786,0.04669,,8,,0.5,,0.06349,8,0.5,0.0454
deltoidal-icositetrahedron,degree-compressed,R1~R2,0.9907,0.00448,52,16,0.25,0.25,0.03255,0.0329,,,
deltoidal-icositetrahedron,degree-compressed,R2~R4ve,0.6789,0.02417,,16,,0.25,,0.0329,16,0.25,0.02333
triakis-tetrahedron,fixed,R1~R2,0.9549,0.03654,4,4,0.75,0.5,0.08299,0.05227,,,
triakis-tetrahedron,fixed,R2~R4ve,0.8856,0.08421,,4,,0.5,,0.05227,4,1.5,0.1266
triakis-tetrahedron,order-tuned,R1~R2,0.9563,0.01708,6,4,0.5,0.5,0.05762,0.05227,,,
triakis-tetrahedron,order-tuned,R2~R4ve,0.8995,0.02302,,4,,0.5,,0.05227,12,0.5,0.04994
triakis-tetrahedron,degree-compressed,R1~R2,0.9571,0.02942,4,2,0.75,1,0.08299,0.09632,,,
triakis-tetrahedron,degree-compressed,R2~R4ve,0.8952,0.04333,,2,,1,,0.09632,6,1,0.09212
hexagonal-pyramid,fixed,R1~R2,0.8366,0.04404,4,4,0.25,0.5,0.07933,0.05925,,,
hexagonal-pyramid,fixed,R2~R4ve,0.7431,0.07326,,4,,0.5,,0.05925,4,1.5,0.1056
hexagonal-pyramid,order-tuned,R1~R2,0.829,0.1053,2,4,0.5,0.5,0.1491,0.05925,,,
hexagonal-pyramid,order-tuned,R2~R4ve,0.7399,0.04019,,4,,0.5,,0.05925,12,0.5,0.03865
hexagonal-pyramid,degree-compressed,R1~R2,0.8347,0.1279,1.167,1.333,0.8571,1.5,0.2251,0.1567,,,
hexagonal-pyramid,degree-compressed,R2~R4ve,0.7496,0.1044,,1.333,,1.5,,0.1567,4,1.5,0.1056
irregular-9,fixed,R1~R2,0.9588,0.1418,4,4,3.5,1.5,0.3039,0.1789,,,
irregular-9,fixed,R2~R4ve,0.7591,0.1244,,4,,1.5,,0.1789,4,0.75,0.09225
irregular-9,order-tuned,R1~R2,0.9837,0.02314,28,12,0.5,0.5,0.08941,0.07131,,,
irregular-9,order-tuned,R2~R4ve,0.746,0.04876,,12,,0.5,,0.07131,6,0.5,0.06426
irregular-9,degree-compressed,R1~R2,0.9847,0.02019,21,7,0.6667,0.8571,0.1152,0.1158,,,
irregular-9,degree-compressed,R2~R4ve,0.7483,0.08281,,7,,0.8571,,0.1158,7,0.4286,0.05568
