fixture,recipe,degree,unreduced_degree,gcd,n_zeros,n_poles,max_zero_order,max_pole_order,winding_ok,dual_equal,dual_residual,symmetry_preserved,group_order,corr_vs_reference,rms_vs_reference,near_pairs
tetrahedron,R1,4,16,4,4,4,1,1,True,True,1.6e-15,24,24,1.000,0.000,0
tetrahedron,R2,4,12,3,4,4,1,1,True,True,1.6e-15,24,24,,,0
tetrahedron,R4ve,12,12,1,4,6,3,2,True,True,2.7e-15,24,24,0.659,0.126,0
tetrahedron,R4fe,12,12,1,4,6,3,2,True,True,4.4e-15,24,24,-0.659,0.266,0
tetrahedron,flag,24,24,1,8,6,3,4,True,True,5.3e-15,24,24,0.001,0.191,0
cube,R1,24,48,2,8,6,3,4,True,True,7.1e-15,48,48,1.000,0.000,0
cube,R2,24,24,1,8,6,3,4,True,True,7.1e-15,48,48,,,0
cube,R4ve,24,24,1,8,12,3,2,True,True,1.8e-15,48,48,0.549,0.079,0
cube,R4fe,12,24,2,6,12,2,1,True,True,8.0e-15,48,48,-0.820,0.166,0
cube,flag,48,48,1,14,12,4,4,True,True,9.8e-15,48,48,-0.361,0.121,0
octahedron,R1,24,48,2,6,8,4,3,True,True,8.9e-15,48,48,1.000,0.000,0
octahedron,R2,24,24,1,6,8,4,3,True,True,8.9e-15,48,48,,,0
octahedron,R4ve,12,24,2,6,12,2,1,True,True,1.1e-14,48,48,0.820,0.054,0
octahedron,R4fe,24,24,1,8,12,3,2,True,True,3.3e-15,48,48,-0.549,0.133,0
octahedron,flag,48,48,1,14,12,4,4,True,True,1.6e-14,48,48,0.361,0.090,0
icosahedron,R1,60,240,4,12,20,5,3,True,True,2.0e-14,120,120,1.000,0.000,0
icosahedron,R2,60,60,1,12,20,5,3,True,True,2.0e-14,120,120,,,0
icosahedron,R4ve,60,60,1,12,30,5,2,True,True,1.7e-14,120,120,0.902,0.018,0
icosahedron,R4fe,60,60,1,20,30,3,2,True,True,2.3e-14,120,120,-0.480,0.053,0
icosahedron,flag,120,120,1,32,30,5,4,True,True,4.0e-14,120,120,0.611,0.034,0
dodecahedron,R1,60,240,4,20,12,3,5,True,True,1.4e-14,120,120,1.000,0.000,0
dodecahedron,R2,60,60,1,20,12,3,5,True,True,1.4e-14,120,120,,,0
dodecahedron,R4ve,60,60,1,20,30,3,2,True,True,1.2e-14,120,120,0.480,0.037,0
dodecahedron,R4fe,60,60,1,12,30,5,2,True,True,1.5e-14,120,120,-0.902,0.077,0
dodecahedron,flag,120,120,1,32,30,5,4,True,True,2.7e-14,120,120,-0.611,0.057,0
rhombicuboctahedron,R1,312,624,2,24,26,13,12,True,True,6.6e-14,48,48,0.989,0.003,0
rhombicuboctahedron,R2,96,96,1,24,26,4,4,True,True,1.9e-14,48,48,,,0
rhombicuboctahedron,R4ve,48,96,2,24,48,2,1,True,True,2.1e-14,48,48,0.740,0.016,0
rhombicuboctahedron,R4fe,96,96,1,26,48,4,2,True,True,1.2e-14,48,48,-0.720,0.036,0
rhombicuboctahedron,flag,192,192,1,50,48,4,4,True,True,4.6e-14,48,48,0.031,0.026,0
deltoidal-icositetrahedron,R1,312,624,2,26,24,12,13,True,True,8.5e-14,48,48,0.989,0.003,0
deltoidal-icositetrahedron,R2,96,96,1,26,24,4,4,True,True,2.5e-14,48,48,,,0
deltoidal-icositetrahedron,R4ve,96,96,1,26,48,4,2,True,True,1.1e-14,48,48,0.720,0.016,0
deltoidal-icositetrahedron,R4fe,48,96,2,24,48,2,1,True,True,2.7e-14,48,48,-0.740,0.037,0
deltoidal-icositetrahedron,flag,192,192,1,50,48,4,4,True,True,4.3e-14,48,48,-0.031,0.026,0
triakis-tetrahedron,R1,24,96,4,8,12,3,2,True,True,2.5e-14,24,24,0.956,0.028,0
triakis-tetrahedron,R2,12,36,3,8,12,2,1,True,True,8.9e-15,24,24,,,0
triakis-tetrahedron,R4ve,36,36,1,8,18,6,2,True,True,1.2e-14,24,24,0.922,0.033,0
triakis-tetrahedron,R4fe,36,36,1,12,18,3,2,True,True,2.5e-14,24,24,-0.292,0.100,0
triakis-tetrahedron,flag,72,72,1,20,18,6,4,True,True,2.3e-14,24,24,0.719,0.061,0
hexagonal-pyramid,R1,7,49,7,7,7,1,1,True,True,2.2e-15,12,12,0.833,0.134,0
hexagonal-pyramid,R2,8,24,3,7,7,2,2,True,True,4.9e-15,12,12,,,0
hexagonal-pyramid,R4ve,24,24,1,7,12,6,2,True,True,1.2e-14,12,12,0.746,0.098,0
hexagonal-pyramid,R4fe,24,24,1,7,12,6,2,True,True,1.4e-14,12,12,-0.776,0.230,0
hexagonal-pyramid,flag,48,48,1,14,12,6,4,True,True,2.1e-14,12,12,-0.054,0.161,0
irregular-9,R1,126,126,1,14,9,9,14,True,True,5.7e-14,1,1,0.982,0.019,0
irregular-9,R2,42,42,1,14,9,3,6,True,True,1.8e-14,1,1,,,0
irregular-9,R4ve,42,42,1,14,21,3,2,True,True,2.2e-14,1,1,0.759,0.072,6
irregular-9,R4fe,42,42,1,9,21,6,2,True,True,3.4e-14,1,1,-0.917,0.169,3
irregular-9,flag,84,84,1,23,21,6,4,True,True,4.4e-14,1,1,-0.494,0.120,9
irregular-mixed,R1,99,99,1,9,11,11,9,True,True,5.0e-14,1,1,0.956,0.041,0
irregular-mixed,R2,36,36,1,9,11,5,5,True,True,1.8e-14,1,1,,,0
irregular-mixed,R4ve,36,36,1,9,18,5,2,True,True,3.7e-14,1,1,0.873,0.054,0
irregular-mixed,R4fe,36,36,1,11,18,5,2,True,True,5.2e-14,1,1,-0.748,0.149,3
irregular-mixed,flag,72,72,1,20,18,5,4,True,True,7.3e-14,1,1,0.316,0.099,3
